{"schemaVersion":"1.0","appDefinitionTemplate":{"id":"/providers/Microsoft.PowerApps/apps/","type":"Microsoft.PowerApps/apps","tags":{"primaryDeviceWidth":"640","primaryDeviceHeight":"1136","supportsPortrait":"true","supportsLandscape":"true","primaryFormFactor":"Phone","publisherVersion":"3.22091.11","minimumRequiredApiVersion":"2.2.0","hasComponent":"true","hasUnlockedComponent":"true","isUnifiedRootApp":"false","sienaVersion":"20220923T194759Z-3.22091.11.0"},"properties":{"appVersion":"2022-09-23T19:47:59Z","lifeCycleId":"Published","createdByClientVersion":{"major":3,"minor":22091,"build":11,"revision":0,"majorRevision":0,"minorRevision":0},"minClientVersion":{"major":3,"minor":22091,"build":11,"revision":0,"majorRevision":0,"minorRevision":0},"backgroundColor":"RGBA(0,176,240,1)","backgroundImageUri":"/9667873962849080287/Nb787fe0a-1f2a-412f-b903-41934c3e09d7-logoSmallFile","displayName":"UI UX Demo","description":"","commitMessage":"","appUris":{"documentUri":{"value":"/9667873962849080287/N673ab345-9c46-4980-ad83-635196adfdcb-document.msapp"},"imageUris":[],"additionalUris":[]},"createdTime":"0001-01-01T00:00:00Z","lastModifiedTime":"0001-01-01T00:00:00Z","sharedGroupsCount":0,"sharedUsersCount":0,"icons":{"smallIconUri":"/9667873962849080287/Nb82f4ca2-ba67-4b09-975d-d2e22dddb2a4-small.png","mediumIconUri":"/9667873962849080287/Nb5b7fecb-8049-47fa-b973-9e6148c6d7a2-medium.png","largeIconUri":"/9667873962849080287/N5bee26a3-8b27-4d5d-a1b9-cd28a0582a3e-large.png","wideIconUri":"/9667873962849080287/N258c4095-a253-4bd8-9f32-96ca58255eb4-wide.png"},"connectionReferences":{"5d12b87e-225c-44a9-9a2b-e8fff7e3760d":{"id":"1539e23b-1a71-4993-9890-7faf286b08db","displayName":"Office 365 Users","iconUri":"https://connectoricons-prod.azureedge.net/releases/v1.0.1593/1.0.1593.2980/office365users/icon.png","dataSources":["Office365Users"],"dependencies":[],"dependents":[],"parameterHints":{},"parameterHintsV2":{},"isOnPremiseConnection":false,"bypassConsent":false,"dataSets":{},"apiTier":"Standard","isCustomApiConnection":false},"2219631f-2652-4209-948c-6865aa426233":{"id":"c28925ba-3064-4fd4-9cfe-8cdb79adf086","displayName":"SharePoint","iconUri":"https://connectoricons-prod.azureedge.net/releases/v1.0.1591/1.0.1591.2961/sharepointonline/icon.png","dataSources":["Top 10 films"],"dependencies":[],"dependents":[],"parameterHints":{},"parameterHintsV2":{},"isOnPremiseConnection":false,"bypassConsent":false,"dataSets":{"https://powerpuffkristine.sharepoint.com/sites/PowerPuffTeam":{"dataSources":{"Top 10 films":{"tableName":"d61e9b26-b105-41d3-a227-f4f0770231ca"}}}},"apiTier":"Standard","isCustomApiConnection":false,"actions":["providers/PowerPlatform.Governance/Operations/Read"]}},"databaseReferences":{"default.cds":{"databaseDetails":{"referenceType":"Environmental","environmentName":"default.cds","overrideValues":{"status":"NotSpecified"}},"dataSources":{"Foods":{"entitySetName":"kk_foods","logicalName":"kk_food"}},"components":[{"componentName":"CustomControl","identifier":"cat_PowerCAT.Elevation","identifierType":"LogicalName","capabilities":{"pcfExternalServiceUsageAllowed":false}},{"componentName":"CustomControl","identifier":"cat_PowerCAT.Picker","identifierType":"LogicalName","capabilities":{"pcfExternalServiceUsageAllowed":false}}],"actions":["providers/PowerPlatform.Governance/Operations/Read"]}},"almMode":"Solution","performanceOptimizationEnabled":true,"canConsumeAppPass":true,"enableModernRuntimeMode":false,"executionRestrictions":{"isTeamsOnly":false,"dataLossPreventionEvaluationResult":{"status":"Compliant","lastEvaluationDate":"2022-07-02T15:42:14.2518304Z","violations":[],"violationsByPolicy":[],"violationErrorMessage":"The app uses the following connectors: shared_commondataservice."}}},"appType":"ClassicCanvasApp","appComponents":[]}}